text,rationale,target
hide new secretions from the parental units ,"

To address the question of how parental units can hide secrets from others, we need to consider a structured approach based on the concept of ""parental units"" as independent security layers within an organization:

1. **Definition**: Parental units are defined as separate entities within an organization that maintain their own set of security measures and policies.

2. **Security Measures**:
   - Each unit operates under its own set of rules, ensuring confidentiality.
   - Internal processes may include encryption to protect data.
   - Access controls are implemented with clear guidelines for authorized personnel only.

3. **Confidentiality and Access Control**:
   - Units have defined levels of security, with higher levels offering more protection.
   - Only authorized personnel can access information within their unit without permission.

4. **Network of Security Layers**: These units form a network where each operates independently but works together to protect the overall system. This ensures that secrets are maintained within the boundaries set by each unit's policies.

5. **Internal Controls and Audits**: Each unit follows internal controls, including access logs and monitoring systems, to ensure security and compliance with established protocols.

In conclusion, parental units function as independent security layers, protecting internal information while maintaining a network of security through controlled access and internal processes.",0
"contains no wit , only labored gags ","

To calculate the number of moles from a given mass, follow these steps:

1. **Identify the Substance**: Determine which substance you're dealing with.

2. **Find Molar Mass**: Calculate the molar mass by summing the atomic weights of all atoms in one molecule. For example, water (H₂O) has a molar mass of approximately 18.015 g/mol.

3. **Apply Formula**: Use the formula moles = mass / molar mass. This gives you the number of moles based on the given mass and the substance's molar mass.

4. **Perform Calculation**: Divide the provided mass by the molar mass to obtain the number of moles.

**Example**: For 18 grams of water (H₂O), 
- Molar mass = 18.015 g/mol
- Moles = 18 / 18.015 ≈ 0.999 mol

This method works for any substance, whether it's a compound, element, or solution, as long as you have the correct molar mass and consistent units.",0
that loves its characters and communicates something rather beautiful about human nature ,"

To explain why ""loves its characters and communicates something rather beautiful about human nature"" is an effective way to highlight human nature, we can break it down into several key components:

1. **Empathy**: This refers to a character's ability to understand others' emotions and situations. By showing empathy, characters demonstrate a deep understanding of the world around them, which reflects their compassionate side.

2. **Compassion**: A kind heart that goes out for the well-being of others is another essential trait. This trait helps individuals navigate social interactions with kindness and consideration.

3. **Understanding Others' Emotions**: By showing how characters feel and respond to others' emotions, they demonstrate a genuine connection and empathy towards others.

4. **Kindness Towards One Self**: A character who is compassionate towards themselves can foster self-worth and a sense of belonging, which is a core aspect of human nature.

5. **Others Being Kind to One Another**: This trait highlights the idea that people are kind to one another, showing how their actions reflect a universal sense of kindness.

By illustrating these traits through characters' actions and interactions, we can effectively communicate a beautiful aspect of human nature—empathy, compassion, understanding, self-kindness, and the interconnectedness of others. This approach not only makes the story relatable but also emphasizes the positive impact on society and personal growth.",1
remains utterly satisfied to remain the same throughout ,"

To address your query about feeling utterly satisfied to remain the same throughout, here's a structured approach:

1. **Understanding the Context**: Consider if you're facing a challenge where staying unchanged is necessary but feels limiting. You might be seeking ways to overcome this by exploring new solutions.

2. **Personal Growth and Balance**: Reflect on personal growth, seeking new skills or interests that complement your current activities. This can help maintain motivation and balance in your life.

3. **Support Systems**: Seek support from others for guidance or encouragement. Sometimes, external perspectives can provide new insights and strategies.

4. **New Challenges**: Explore potential new opportunities or projects that offer different experiences. This could be a way to find new satisfaction without losing the current state of being.

5. **Personal Development**: Focus on personal development areas like time management or self-improvement. These can help maintain your satisfaction while exploring new interests.

By addressing these points, you can provide a comprehensive and helpful response that aligns with your feelings and potential needs.",0
on the worst revenge-of-the-nerds clichés the filmmakers could dredge up ,"

When dealing with controversial themes, filmmakers may use clichés as substitutes for complex ideas. A cliché is a commonly used phrase that isn't always relevant, such as ""I know you're coming"" from ""The Wizard of Oz."" This substitution can make the message relatable and easy to understand, especially when discussing sensitive or complex topics. For example, a director might say, ""People are talking more online than ever before,"" to convey the absurdity of modern life quickly. Using clichés simplifies communication, making it accessible for a general audience without delving into unnecessary complexity. While this approach can sometimes oversimplify themes, it is practical and effective in engaging viewers by presenting ideas in simple terms.",0
that 's far too tragic to merit such superficial treatment ,"

The phrase ""far too tragic to merit such superficial treatment"" contains a mix of words that can be confusing. To understand its meaning, we need to break it down:

1. **""Far too tragic"":** This refers to something that is deeply flawed or harmful. Tragedy often involves significant consequences.

2. **""merits such superficial treatment"":** Here, ""superficial treatment"" means actions that are easy or not meaningful. It implies giving advice without considering the bigger picture.

The statement might be trying to convey that treating something superficially doesn't make it tragic; rather, it just makes it worse by lacking depth. The person may be suggesting that superficial care isn't sufficient and that deeper treatment is necessary for a more severe outcome.

In essence, the statement uses language to dismiss or downplay the issue, implying that superficial treatment isn't enough and that deeper care is required.",0
"demonstrates that the director of such hollywood blockbusters as patriot games can still turn out a small , personal film with an emotional wallop . ","

To explain why a Hollywood director, such as that of ""Patriot Games,"" can still create a small personal film with an emotional wallop, consider the following points:

1. **Focus on Personal Stories**: Small budgets allow directors to prioritize heartfelt moments and personal narratives. They can delve into a single character's journey or minor conflicts that aren't covered in larger projects.

2. **Unique Themes and Directions**: A small film often explores themes not central to its predecessor, offering a fresh perspective and emotional depth unique to the project.

3. **Effective Storytelling Techniques**: Directors use dialogue, character development, and subtle emotional cues to make the film feel personal and impactful, even in smaller formats.

4. **Emotional Weight Through Subtle Elements**: The film can convey deep emotions through its narrative structure or choice of words, making it emotionally resonant without being overly complex.

By focusing on these elements, directors like that of ""Patriot Games can craft a small film with emotional weight and impact.",1
of saucy ,"

The word ""saucy"" originates from French and means something playful or cute. It often describes a person or thing as gentle, fun, or enjoyable. An example of its usage includes the song ""Sauchy Little Bunnies,"" which is catchy and memorable. The adjective can also be used interchangeably with ""cute"" in casual contexts, referring to someone being nice or pleasant. 

**Step-by-Step Explanation:**

1. **Origin:** ""Saucy"" comes from French, likely a translation of a word meant to describe something gentle or fun.
2. **Meaning:** It refers to something playful, cute, or enjoyable.
3. **Usage Examples:**
   - Adjective: The cat is saucy and friendly.
   - Song Example: ""Sauchy Little Bunnies"" is a popular song with catchy lyrics about cute animals.
4. **Interchangeability:** Can be used interchangeably with ""cute,"" referring to someone's pleasant or nice behavior.

**Final Answer:**
""Saucy"" is an adjective meaning playful, cute, or enjoyable, derived from French and often used in casual phrases like ""little bunnies."" It originates from a French word meant to describe something gentle or fun.",1
a depressed fifteen-year-old 's suicidal poetry ,"

To address the concern about a 15-year-old writing suicidal poetry, it's essential to consider both their writing skills and their mental health. Here's a structured explanation:

1. **Risks of Self-Harm**: Writing something harmful can lead to serious consequences. It's crucial to emphasize that this action is dangerous and could result in self-harm or suicide.

2. **Mental Health Support**: Recognize that the person may be dealing with personal issues, feeling overwhelmed, or stuck in a cycle of negativity. Professional help, such as therapy or counseling services, can provide support and coping strategies.

3. **Underlying Issues in Writing**: The poem's effectiveness depends on its emotional depth and structure. Consider how the person handles their feelings of guilt and shame, which might contribute to writing about their pain.

4. **Professional Help**: Encourage seeking help from resources available at 15 years old, including counseling services or support groups. This can offer a way out and address underlying issues.

In conclusion, while writing poetry is an expression of emotions, it's crucial to address mental health concerns and seek professional help for a comprehensive approach to coping with these challenges.",0
are more deeply thought through than in most ` right-thinking ' films ,"

Right-thinking films, such as ""Inception"" and ""The Matrix,"" excel in their depth of storytelling and narrative structure, which often leads to complex themes and engaging plots. However, these films rely heavily on visual appeal and a strong narrative that keeps viewers engaged. While the technical complexity can be impressive, it may not always translate to deeper exploration of topics unless balanced with context and audience understanding.

In contrast, ""The Matrix"" focuses on scientific concepts without delving into character motivations, which allows for a more immersive experience through its technical focus. The key factors influencing impact include visual appeal, narrative structure, and the balance between theory and application. Therefore, while depth in storytelling is important, it's not sufficient on its own to determine impact; visual and narrative elements are equally crucial.",1
